"last_name, first_name","player_id","year","pa","k_percent","p_era","avg_swing_speed","fast_swing_rate","avg_swing_length","swords","exit_velocity_avg","barrel_batted_rate","hard_hit_percent","out_zone_percent","in_zone_percent","whiff_percent","f_strike_percent","arm_angle","n_fastball_formatted","fastball_avg_speed","fastball_avg_spin","fastball_avg_break_x","fastball_avg_break_z","fastball_avg_break","n_breaking_formatted","breaking_avg_speed","breaking_avg_spin","breaking_avg_break_x","breaking_avg_break_z","breaking_avg_break","n_offspeed_formatted","offspeed_avg_speed","offspeed_avg_spin","offspeed_avg_break_x","offspeed_avg_break_z","offspeed_avg_break"
"Verlander, Justin","434378","2024","396",18.7,"5.48",71,18.3,"7.3","6","88.6",6.9,32.5,49.6,50.4,21.3,58.3,54.8,"48.7","93.5","2395","-8.6","-12.3","21.2","41.2","81.9","2571","5.7","-45.7","11.7","10.1","84","1779","-13.4","-29.2","16.8"
"Chavez, Jesse","445926","2024","264",20.8,"3.13",71.7,19.2,"7.3","4","87.3",6.3,35.4,51.4,48.6,16.7,61.2,21.6,"78","89.5","2127","-6.7","-23.2","14.6","8.6","76.7","2531","13.7","-54.5","16","13.4","85.2","1882","-16","-35.5","16.3"
"Morton, Charlie","450203","2024","701",23.8,"4.19",71.5,23.5,"7.5","21","88.7",9.3,38.4,51.4,48.6,26,59.5,20.8,"46.6","93","2256","-12.1","-23.4","15.5","42.4","81.5","3085","13.6","-50.2","16.5","11","85","2172","-17.2","-37.8","17.3"
"Lynn, Lance","458681","2024","511",21.3,"3.84",71.8,24.8,"7.1","15","88.9",10.5,39.3,52.9,47.1,24.1,62.6,32,"86.2","91","2489","-4.3","-22.9","12.3","7.5","80.6","2555","8.1","-49.2","11.8","6.3","84.8","1761","-13.9","-30.9","15.8"
"Carrasco, Carlos","471911","2024","447",19.9,"5.64",72.1,27.2,"7.5","13","89.3",8.1,38.8,54.2,45.8,22.6,62.6,35.7,"42.3","91.4","2154","-7.4","-24","12.8","34.4","82.9","2528","6.3","-41.1","7.6","23.3","86.8","1343","-7","-33.8","8.2"
"García, Luis","472610","2024","254",20.9,"4.88",71.6,22.9,"7.3","9","88.7",7.1,39.3,51.8,48.2,24,59.7,48.1,"60.2","96.2","2171","-12.6","-18.7","17.2","21.2","82","2360","10","-39.7","10.4","18.6","87.1","1369","-9.4","-31.2","10.8"
"Quintana, Jose","500779","2024","717",18.8,"3.75",71.9,26.1,"7.4","25","88",6.7,38.2,58.7,41.3,21.8,63,44.6,"52.9","90.7","2068","9.6","-19.1","18.1","27.8","77.7","2234","-7.6","-52.1","10.6","19.3","85.7","1323","14.3","-33.1","15.2"
"Gibson, Kyle","502043","2024","722",20.9,"4.24",71.9,25.2,"7.6","18","88.2",9.2,39.1,55.9,44.1,25.9,57.6,45.1,"60.7","90.1","2180","-5.8","-23.8","13.6","29.3","80","2395","10.7","-45.9","12.5","9.9","84.9","1712","-12.7","-33.2","13.6"
"Robertson, David","502085","2024","297",33.3,"3.00",71.1,19.3,"7.2","7","88.7",5.5,37.8,50.7,49.3,29.5,59.7,44.7,"64.8","93.3","2612","1.1","-14.7","17.2","33.4","84.1","2713","8","-48","13.1","1.7","88","2216","-15.1","-28.4","16.8"
"Anderson, Chase","502624","2024","255",16.5,"5.40",71.7,25.4,"7.5","2","86.5",8.5,33,50.6,49.4,23.8,57.6,42.8,"50.4","90.4","2376","-0.3","-23.6","11.4","19.2","80.2","2412","14.2","-48.4","16.7","30.4","83.9","2301","-17.8","-27.2","21.5"
"Darvish, Yu","506433","2024","331",23.6,"3.31",71.7,22.4,"7.6","5","89.4",7.5,39.9,46.6,53.4,25.6,66.5,39.9,"40.2","93.5","2293","-9.8","-18.4","17.6","50.7","82.1","2697","9.2","-44.7","11.6","9","87.9","1412","-7.4","-31.1","9.1"
"Cruz, Fernando","518585","2024","288",37.8,"4.86",71.3,22.2,"7.6","18","88.7",9.8,44.1,55,45,38.2,59.8,45.4,"58.1","92","2355","-1.8","-19.5","14.3",,,,,,,"41.9","81.5","878","-5.6","-38.1","8.3"
"Kelly, Merrill","518876","2024","300",21,"4.03",72.7,30.6,"7.5","7","90.5",10.7,40.9,53.1,46.9,21.1,63,25.4,"59.5","91.3","2355","-7","-21.6","14.4","19.6","84.2","2490","5.2","-41","7.8","20.9","88.4","2175","-14.4","-33.9","14.6"
"Sale, Chris","519242","2024","702",32.1,"2.38",70.6,17.1,"7.4","26","86.5",5.6,31.2,49.2,50.8,31,69.1,10.9,"45","94.7","2218","15.3","-21.7","18.1","40.3","78.6","2334","-11","-49.3","12.1","14.7","87.1","1886","16.2","-36","16.3"
"Strickland, Hunter","519326","2024","294",19.4,"3.31",72,27.6,"7.5","3","88.9",9,35.5,50.7,49.3,22.8,55.6,31.7,"72.3","89.6","2521","0.1","-25.4","15.8","21.6","83.7","2783","11.1","-40.5","11.6","6.1","88.1","1812","-14.3","-27.6","16.4"
"Pérez, Martín","527048","2024","590",18.1,"4.53",72.5,28.1,"7.5","5","89",8.6,41.5,51,49,20.9,63.7,47,"63.2","89.8","2060","10.4","-22.8","16.7","14.1","77.9","2453","-3.5","-49.2","5.8","22.7","83.4","1672","14.4","-31.3","16.7"
"Anderson, Tyler","542881","2024","765",18.6,"3.81",72.1,24.5,"7.5","12","87.2",7.9,33,52.8,47.2,27.7,58.7,57.7,"61.5","87.8","2236","2.5","-19","17.8","1.4","80.6","2351","-3.6","-38.6","6.8","37.1","78.9","1886","12.5","-31.7","17.8"
"Armstrong, Shawn","542888","2024","295",22.4,"4.86",71.5,20.8,"7.1","2","88.9",8.9,38.1,45.6,54.4,22.9,69.5,39.9,"91.8","92.4","2308","-5.5","-20","15.4","8.2","84.5","2615","12.3","-33.5","14.6",,,,,,
"Cole, Gerrit","543037","2024","390",25.4,"3.41",71.6,20.8,"7.2","12","89.7",7.4,39.5,49.2,50.8,24.8,67.2,42.5,"62.2","94.8","2392","-4.2","-15.2","16.7","33.8","85","2658","7.4","-45.7","12.3","4","88.2","1457","-11.5","-24.5","16.1"
"Eovaldi, Nathan","543135","2024","696",23.9,"3.80",71.5,21.8,"7.3","13","89.3",7.7,42.6,47.6,52.4,26.7,65.7,32.6,"52.2","94.3","2213","-9.7","-20","15.7","17","78.6","1974","8.3","-50.2","11","30.8","88.4","1599","-13.5","-34.6","13.7"
"Gray, Sonny","543243","2024","671",30.3,"3.84",71.5,21.1,"7.4","35","89.6",8.9,37.9,49,51,29.6,63.6,48.9,"59.5","91.1","2533","-1.3","-25.3","11.1","34.1","82.8","2672","14.3","-49.5","17.9","6.4","88.3","1704","-11.2","-29.8","12.6"
"Hendricks, Kyle","543294","2024","567",15.3,"5.92",71.5,23,"7.4","9","85.9",7.4,33.4,52.4,47.6,18.7,68.4,43,"48.2","87.6","2030","-11.4","-26.4","15.4","13.1","74.3","2976","14.9","-60.5","18.4","38.7","80.9","2170","-10.6","-33.4","14.6"
"Hudson, Daniel","543339","2024","253",24.9,"3.00",72.1,27.4,"7.4","9","90.4",12.4,49.4,51.2,48.8,32.1,62.8,30.5,"55.4","95.1","2488","-8.4","-15.3","17.4","40.9","88","2567","0.4","-29.8","5.8","3.7","88.7","2399","-16.6","-22.8","20.7"
"Tonkin, Michael","543859","2024","340",25,"3.63",71.3,17.7,"7.3","13","88",7.4,35,53.5,46.5,23.6,64.6,13.2,"54.9","92.9","2325","-15.3","-23.2","18.2","45.1","83.2","2294","4.9","-41.4","6.2",,,,,,
"Suárez, Albert","544150","2024","565",19.1,"3.70",71.5,21.1,"7.3","10","88.8",7.1,38.4,53.4,46.6,24.6,58.9,40,"69.5","92.4","2333","-4.3","-18.2","15.5","13.3","79","2357","5.7","-50.6","9.3","17.2","86.1","2017","-16.3","-29.1","18.2"
"Lorenzen, Michael","547179","2024","535",18.1,"3.31",71.7,22.6,"7.3","13","88.5",8,39.4,52.4,47.6,22.6,61.1,42.6,"58.4","93.1","2368","-10.7","-19.4","17.1","22.8","83.1","2638","6.4","-45.2","10.5","18.8","84.6","2020","-15.6","-29.2","18.2"
"Chapman, Aroldis","547973","2024","264",37.1,"3.79",71,19.2,"7.2","7","90.5",7.1,41.3,49.3,50.7,32.3,58.3,52.5,"61.4","98.7","2367","7.1","-11.6","18.4","26.6","87","2247","-9","-29.9","11.8","12","91.6","1217","4","-29.2","6.4"
"Stripling, Ross","548389","2024","381",12.9,"6.01",71.9,23.7,"7.4","4","88.3",6.8,35.3,48.5,51.5,16.9,66.9,61.3,"60.4","90.2","2145","-5.3","-19.1","16.6","22","81.4","2398","3.9","-45.2","8.4","17.6","82.7","1668","-9.2","-28.5","14.8"
"Kittredge, Andrew","552640","2024","287",23.3,"2.80",71.7,24,"7.4","12","88.9",8.5,39.5,49.5,50.5,27.8,72.6,39.2,"50.6","94.4","2349","-11.2","-20.3","16.9","49.4","88.1","2634","6.5","-34.4","7",,,,,,
"Wheeler, Zack","554430","2024","787",28.5,"2.57",71.2,20.5,"7.1","21","86.5",8.3,33.7,50.6,49.4,27.5,64,24.6,"70","94.5","2401","-10.2","-19","16.7","22.6","83.5","2636","9.3","-41","11.8","7.3","86.2","1555","-12.8","-31.4","14"
"Ureña, José","570632","2024","463",15.1,"3.80",71.9,22,"7.5","5","89",7.7,39.7,53.6,46.4,23.1,55.5,31.3,"47.2","96","2140","-16.1","-21","18.6","34.2","87","2287","-2.5","-27.6","9.8","18.6","88.7","1811","-15.3","-26.4","17.8"
"Corbin, Patrick","571578","2024","764",18.2,"5.62",72.2,27.2,"7.5","25","90.8",8.3,46.7,53.1,46.9,22.3,65.4,38.5,"60.6","89.6","2157","8.2","-24.9","13.8","36","79.5","2189","-2.8","-43.2","3.4","3.4","81","1570","12.7","-32","16.3"
"Farmer, Buck","571656","2024","299",23.4,"3.04",71.3,22.2,"7.5","9","88.3",8.3,35.8,52.5,47.5,26.1,63.6,29.8,"44.2","92.6","2359","-14.8","-21.7","18.7","34.8","82.2","2790","9.5","-36.6","10.7","21","86.8","1792","-14.9","-37","15.2"
"Floro, Dylan","571670","2024","279",17.2,"3.80",71.5,20.3,"7.3","4","90.2",4.2,39,48.1,51.9,18.4,62.7,37.4,"63.6","89.9","2104","-14.1","-24.4","17.6","26.9","83.3","1963","1.2","-34.9","5.1","9.5","83.5","1813","-16.3","-35.9","16.9"
"Heaney, Andrew","571760","2024","693",22.9,"4.28",72.1,25.7,"7.4","20","89.6",8.3,40.1,50,50,26.2,63.6,29.5,"51.6","91.6","2401","15.7","-19.2","20.9","31.5","81.7","2516","-3.1","-40.9","5.1","17","83.7","2106","17.4","-33.7","18.4"
"Law, Derek","571882","2024","365",20.8,"2.60",71.5,20.3,"7.5","14","88.2",3.8,35.2,52.9,47.1,28.3,60.8,51.1,"61.3","92.8","2219","-1.6","-20.4","12.5","33.6","86.3","2277","2.9","-37","4.4","5.1","88","1829","-15.2","-28.3","16.9"
"Mikolas, Miles","571945","2024","720",16.9,"5.35",72,26.2,"7.3","11","88.8",8.1,42.3,43.3,56.7,16.4,72.4,43.3,"51","92.8","2208","-9.7","-20","16.1","40.5","82.9","2388","5.6","-42.8","9.3","8.5","85.6","1676","-14.2","-30.8","15.9"
"Milner, Hoby","571948","2024","268",23.9,"4.73",71.2,20.6,"7.1","8","87.7",2.7,36.2,48.3,51.7,19.3,65,-2.7,"53.4","88.6","1990","16.6","-31.9","17.4","32.9","79.5","1924","-14.2","-43.4","14.3","13.7","81.1","1708","14.9","-39.1","15.3"
"Paxton, James","572020","2024","437",16.7,"4.40",71.4,21.1,"7.1","14","90.5",8,43.1,50.8,49.2,21,63.6,42.3,"63.2","92.7","2080","10.3","-18.9","16.8","30.3","80.8","1938","-1.1","-46.5","5.2","6.6","82.6","1995","13.9","-31.1","16.9"
"Stroman, Marcus","573186","2024","675",16.7,"4.31",72.1,24.4,"7.4","19","89.3",6.7,40.2,56.3,43.7,20.2,59.1,32.5,"56.5","89.4","2340","-6.2","-29.7","9.5","32.4","83.3","2645","10.1","-41.7","10.9","11","83.3","1916","-14.9","-35.8","15.6"
"Kikuchi, Yusei","579328","2024","736",28,"4.05",71.9,26.5,"7.2","29","90.1",9.7,45,48.5,51.5,29,65.4,41.9,"47","95.5","2289","7.9","-13.2","18.8","41.9","85.7","2428","-3.6","-37.5","5.8","11.1","86.8","1655","12.7","-27.7","15.6"
"Adam, Jason","592094","2024","282",28.7,"1.95",71.8,24.5,"7.5","9","88.5",6.4,37.8,54.1,45.9,38.4,61.1,35.1,"37.4","95.5","2648","-7.5","-11.7","20","36.8","82","2700","9.5","-44.6","11.1","25.8","89.5","2166","-16.2","-30.4","16.8"
"Gausman, Kevin","592332","2024","756",21.4,"3.83",71.9,25.5,"7.3","14","90.2",9.7,42.4,51.5,48.5,23.4,64.4,36.2,"58.2","93.9","2276","-11.2","-14.7","20.2","8.4","82.7","2239","1.3","-36.2","4.4","33.4","86","1764","-15.9","-30.9","17.4"
"Gray, Jon","592351","2024","439",19.6,"4.47",71.7,23.8,"7.4","11","90.5",8.6,42.2,46.6,53.4,23.8,62.3,32.4,"44.4","94.9","2029","-10.3","-17","17.1","48.5","87.7","2311","2.3","-31.2","6.5","7.1","88.7","1517","-14.2","-28.1","16"
"Smyly, Drew","592767","2024","257",21.8,"3.84",71.2,20.3,"7.4","17","89.2",6.4,38.2,50.4,49.6,25.2,62.6,51.6,"51.4","92.3","2159","6.9","-14.8","18.7","48.6","80","2283","3.2","-45.9","5.1",,,,,,
"Taillon, Jameson","592791","2024","675",18.5,"3.27",71.9,23,"7.4","20","89.7",7.2,38.8,46,54,19.5,65.6,45,"65.6","90.1","2370","-3.1","-21","15","30.2","80","2713","12.8","-47.9","15.4","4.3","86","1899","-14.2","-27","17.4"
"Walker, Taijuan","592836","2024","381",15.2,"7.10",72.6,28.9,"7.4","8","91.4",13.4,46.3,51.3,48.7,16.7,62.2,40.6,"49.5","90.5","2042","-10.6","-19.6","18.5","28.6","81.2","2456","6.1","-40.6","11.3","21.9","86.7","1369","-10.7","-33.6","11.4"
"Williams, Trevor","592866","2024","260",22.7,"2.03",72.1,25.7,"7.3","4","89.4",6.6,39.3,53.7,46.3,22.3,60,16.9,"48.5","88.6","2115","-7.3","-25.8","12.9","34.7","78.7","2188","9.6","-38.9","11.5","16.8","82.8","1637","-16","-38.3","16.3"
"Montas, Frankie","593423","2024","655",22.6,"4.84",72.2,27.5,"7.4","15","89.3",9.2,43.1,51.1,48.9,24.9,62.9,42.7,"71","94","2362","-5.6","-19.7","13.8","10.7","85.4","2523","7.5","-33.9","9","18.3","86","1515","-9.4","-34.3","9.9"
"Neris, Héctor","593576","2024","260",24.6,"4.10",71.2,21.1,"7.5","10","88.6",9.1,40.6,53.1,46.9,25.9,60.8,39.9,"56.2","92.9","2384","-10.6","-15.7","19.6","3.5","85.6","2004","2.4","-31.6","6.4","40.4","82.7","1098","-8.7","-40.4","9.4"
"Lively, Ben","594902","2024","632",18.7,"3.81",71.6,21.6,"7.2","13","90.2",6.5,41.5,49.6,50.4,18.6,65.7,37.7,"60.4","90.2","1986","-10.8","-20","17.7","30.5","78.7","1998","9.4","-42.8","11","9.1","83.9","1701","-15","-31.3","16.9"
"Junis, Jakob","596001","2024","253",20.2,"2.69",72,25.8,"7.4","8","90",8.4,42.4,42.8,57.2,24.6,72.3,29.1,"46.3","92","2170","-12.1","-24.1","15.6","45.3","83","2545","13.4","-38.6","13.8","8.4","86.6","1397","-11.4","-33.2","12.2"
"Weaver, Luke","596133","2024","331",31.1,"2.89",71.4,22.5,"7.3","11","89.1",8.6,38.4,56.3,43.7,33.5,62.8,46.7,"71","94.3","2474","-3.6","-14.2","17.7","1.2","82.6","2544","4","-46.5","7.9","27.7","88.6","1870","-13.7","-30.1","14.7"
"Gomber, Austin","596295","2024","696",16.7,"4.75",72,24.6,"7.5","4","90.2",9.6,41.2,47.6,52.4,19.7,62.2,53.1,"40.4","90.4","2180","7.6","-16.4","18.8","39.1","80.2","2493","-6.5","-47.4","10.5","20.5","81.1","1664","10.1","-31","14.6"
"Leclerc, José","600917","2024","288",30.9,"4.32",71.4,21.4,"7.5","11","87.4",7.4,30.7,55.5,44.5,36,55.9,40.4,"57.6","93.9","2537","-1.8","-17.6","15","32.2","82","2571","9.3","-36.6","10.7","10.2","88.2","2038","-12.3","-23.2","17.4"
"Pivetta, Nick","601713","2024","595",28.9,"4.14",71.4,21.9,"7.3","20","89.4",10.1,38.9,48,52,25.6,68.4,56.4,"54.5","93.3","2314","-3.1","-13","19.1","45.5","81.7","2593","10.8","-44.8","15.1",,,,,,
"Bassitt, Chris","605135","2024","758",22.2,"4.16",71.2,19.6,"7.1","14","87.8",7.5,37.1,49.9,50.1,21.6,62.4,35.3,"64.9","91.6","2148","-10.9","-23.8","15.6","25.5","73.9","2320","14.5","-58.3","17.2","9.6","84.3","1622","-15.4","-34.4","16.6"
"Holmes, Clay","605280","2024","271",25.1,"3.14",71.6,23.9,"7.5","9","88.8",5.6,36.5,50.5,49.5,29.8,61.3,49.2,"56.5","96.6","2195","-14.4","-25.2","15.3","43.5","85.5","2700","9.2","-43.7","11.6",,,,,,
"Houser, Adrian","605288","2024","309",14.6,"5.84",71.8,25.2,"7.3","5","91",8.8,40.4,48.8,51.2,18.2,60.2,40.5,"61.3","92.8","2112","-14.7","-21.8","18.5","26","82","2131","6.7","-44.8","9.5","12.7","84.1","1541","-14.8","-34.4","15.8"
"Musgrove, Joe","605397","2024","410",24.6,"3.88",71.5,25.4,"7.3","16","90.3",10.5,40.6,48,52,28.3,68.3,35.5,"49.4","91.6","2660","-1.4","-22.7","11.2","42.8","81.8","2866","13.9","-51.2","18.3","7.8","87.1","2102","-12.7","-32.7","13.5"
"Nola, Aaron","605400","2024","820",24,"3.57",71.7,24.5,"7.5","31","88.5",7.2,38.2,52.4,47.6,25.1,66.6,20.1,"57.5","91.3","2280","-12","-21.4","17.4","32.9","79.1","2604","14","-53.9","17.3","9.6","85.7","1558","-15.3","-34","15.8"
"Ross, Joe","605452","2024","321",20.6,"3.77",72,25.2,"7.4","10","88.7",8,38.8,47,53,27.1,66.6,34.7,"52.6","94.8","2149","-11.2","-20","16.1","39","86.4","1984","3","-34.4","4.5","8.4","90.2","1883","-16.7","-27.2","18.1"
"Scott, Tayler","605463","2024","282",25.2,"2.23",70.5,16.4,"7.3","11","88",3.5,35.7,55.2,44.8,29.5,56.9,13.2,"54.2","92.7","2133","-16.1","-22.3","19.1","22.1","84","2832","14.2","-40","14.5","23.7","85.5","1508","-10.2","-41.4","11.2"
"Snell, Blake","605483","2024","418",34.7,"3.12",71.3,22,"7.4","30","86.5",5.7,28.9,57.2,42.8,37.4,64.8,57.1,"46.4","95.9","2434","5.8","-11.1","19.7","36.1","83.2","2462","-9.4","-44.2","13.1","17.5","85.5","1816","13.7","-27.2","17.3"
"Barnes, Jacob","606930","2024","277",19.9,"4.36",71.9,26,"7.4","8","89",6.4,41.6,53.4,46.6,25.1,63.4,43.1,"96.3","92.6","2420","1.4","-19.8","13","3.7","83.7","2195","5.8","-40.1","6.1",,,,,,
"Rea, Colin","607067","2024","714",18.9,"4.29",72.2,26.6,"7.3","16","90.4",8.7,42,48.4,51.6,19.3,64.8,34.5,"69.8","91.2","2165","-7.4","-23.1","13.9","21.4","81.3","2191","12.2","-44","13.3","8.8","86.5","1409","-13.9","-32.5","14.7"
"Rodón, Carlos","607074","2024","736",26.5,"3.96",71.9,25.2,"7.4","34","90.4",11,40.9,53.3,46.7,30,58.3,45.4,"52.9","95.2","2384","8.2","-13","19.4","34.2","85.4","2640","-6.5","-41","8.6","12.9","85.5","1656","12.5","-34.3","13"
"Glasnow, Tyler","607192","2024","522",32.2,"3.49",71.5,22.9,"7.2","16","89",8.2,39.9,46.4,53.6,30.9,64.2,57.9,"53.7","96.3","2548","-2","-13.4","16.7","46.3","87.5","2728","2.8","-40.3","7.6",,,,,,
"Fedde, Erick","607200","2024","726",21.2,"3.30",71.6,23.1,"7.2","15","88.6",7.6,37.7,52,48,21.6,64.7,37.3,"63.4","91.4","2071","-3","-24.4","10.5","20.2","83.5","2356","11.7","-34.4","13.1","16.4","87.7","1730","-10.9","-31.8","11.9"
"Martinez, Nick","607259","2024","570",20.4,"3.10",71.4,21.8,"7.4","15","86.4",5.1,30.5,48.6,51.4,22.9,67.7,58.6,"60.3","91.2","2344","-4.8","-18","16.7","18","82.2","2538","0.3","-48.7","10.3","21.6","80.1","2105","-12.6","-35.8","14.5"
"Freeland, Kyle","607536","2024","490",17.3,"5.24",72.4,28.5,"7.4","16","90.3",10.6,40.7,49.3,50.7,17.1,65.7,27.3,"44.8","91.5","2312","11.1","-22","16.1","41.5","85.3","2376","-0.6","-36.5","6.1","13.7","86.1","1648","12.4","-30.5","14.2"
"Lugo, Seth","607625","2024","836",21.7,"3.00",72.1,26.2,"7.3","23","88.5",8,39,49.6,50.4,22.4,64.4,32.6,"50.7","91.9","2394","-8.7","-20","16.4","39.7","81.4","3047","12.9","-48.3","16.4","9.6","86.9","1740","-13.8","-31.6","14.9"
"Fried, Max","608331","2024","714",23.2,"3.25",71.2,19.2,"7.2","29","86.3",5,34.6,51.2,48.8,24.1,64.8,48.5,"53.9","93.2","2180","2.7","-21.8","11.5","32.5","77.3","2797","-10.6","-59.6","17.4","13.6","85.7","1421","12.1","-32.7","13.2"
"Fulmer, Carson","608334","2024","379",21.4,"4.15",72.3,27.2,"7.5","15","90.6",9.5,44.4,53.6,46.4,25.7,61.2,37.8,"47.1","92.9","2250","-11.5","-18.8","18.2","26","86","2555","5.9","-35.2","8.5","27","87.8","1413","-14.6","-32.4","15.2"
"Irvin, Cole","608344","2024","492",15.9,"5.11",71.7,23.7,"7.3","4","89.9",12.7,40.9,44.2,55.8,16.7,66.9,40,"57.3","90.6","2050","10.6","-21.8","16.7","29.3","77.4","2213","-12.2","-50.7","13.7","13.4","84.9","1563","13.9","-30.2","16.1"
"Wacha, Michael","608379","2024","685",21.2,"3.35",71,19.6,"7.3","18","86.9",8.2,32.5,49.2,50.8,23.3,64.4,51.5,"50.4","92.5","2088","-6.8","-16.8","17.3","17.4","79.9","2145","7.2","-48.2","10.3","32.2","81.2","1545","-13","-36.2","15.3"
"Stratton, Chris","608717","2024","257",17.1,"5.55",71.6,19.6,"7.3","7","87.1",8.5,37.9,52.4,47.6,20.4,60.2,35.1,"47","91.8","2388","-8","-18.9","16.5","43.1","82.6","2960","10.6","-44","12.1","10","85.1","2064","-14.2","-34.9","14.6"
"Suter, Brent","608718","2024","270",18.5,"3.15",71.2,20,"7.2","8","86.1",7.3,30.2,50.5,49.5,20.2,63,55.7,"63.9","86.4","2193","0.3","-23.5","14.8","16.3","78.4","2250","-4.3","-45.3","4.8","19.8","75.5","1596","8.9","-36.1","14.8"
"Quantrill, Cal","615698","2024","656",16.8,"4.98",71.6,23.4,"7.3","9","89.1",7.3,41.2,52.5,47.5,21.5,62.7,45.7,"53.7","92.3","2213","-7.5","-20.3","15.1","12.6","79.6","2435","2.9","-47","5.6","33.8","86.4","1075","-9.6","-31.8","11.4"
"Eflin, Zach","621107","2024","684",19.6,"3.59",71.5,22.3,"7.4","22","88.1",7.5,36.1,47.3,52.7,21.6,66.5,27.2,"65.5","90.3","2161","-7.4","-26.2","13.1","28.5","79.1","2476","11.8","-47.2","13.4","6","85.6","1596","-15.2","-34.4","15.8"
"Buehler, Walker","621111","2024","344",18.6,"5.38",71.1,21.8,"7.1","7","88.3",6.9,37.8,49.1,50.9,19.4,60.5,45.6,"66.2","93.8","2288","-3.8","-18","15.4","28.7","79.6","2606","11.9","-52.9","17","5.2","90","1564","-12.9","-26.6","15.1"
"Blackburn, Paul","621112","2024","316",18.7,"4.66",71.9,26.1,"7.4","7","87.6",8.2,35.6,53.4,46.6,23.3,58.9,49.6,"55.1","90.6","2240","-2.9","-22.1","13.7","26.8","80.6","2595","11.9","-51.3","16.6","18.1","85.7","1746","-11.3","-30.7","13.2"
"Alvarado, José","621237","2024","258",24.4,"4.09",71.5,22.3,"7.3","2","89.5",6.6,41,52.4,47.6,28.2,60.5,65.2,"99.7","95.7","2082","7.2","-18.7","14.1","0.3","85.4","2587","-2.9","-37.7","3",,,,,,
"Berríos, José","621244","2024","786",19.5,"3.60",71.8,24.2,"7.3","26","89.6",7.8,41.8,50.8,49.2,21.1,64.8,39.6,"55.5","93.5","2101","-12.8","-19","18.4","28.6","83.2","2336","15.1","-44.7","16","16","84.8","1588","-14.5","-33.4","15.5"
"Banks, Tanner","621383","2024","310",25.2,"3.98",70.8,18.1,"7","10","87.5",6.3,34.1,49.8,50.2,26.1,65.7,48.8,"39.4","93.3","2224","4.8","-17.3","15.9","47.8","86.1","2373","-7.4","-32.7","9.2","12.9","86.3","1853","12.2","-30.3","13.8"
"Blach, Ty","621389","2024","330",10.9,"6.94",72,26.7,"7.3","4","90.7",12.2,42.6,47.8,52.2,14.8,70.3,21,"64.4","87.8","2100","11.7","-29.6","13.3","11","79.3","2314","-2.6","-47.1","5.2","24.5","80","1966","14","-43.7","14.1"
"Castillo, Luis","622491","2024","719",24.3,"3.64",71.3,19,"7.2","25","89.7",8.5,41.9,51.2,48.8,25.9,64.7,15.3,"63.4","95.6","2112","-14.1","-20.1","17.9","22.4","85.7","2296","0.9","-36.2","3.6","14.3","88.1","1894","-17.2","-35.4","17.3"
"Domínguez, Seranthony","622554","2024","255",26.7,"4.45",71.6,23.8,"7.4","9","86.9",12.2,32.9,50.1,49.9,26.4,58.8,29.5,"58.8","97.8","2371","-7.5","-15.5","16.1","40","88.4","2456","7.5","-29.7","10","1.1","91.4","1923","-14.8","-22.1","18.6"
"Severino, Luis","622663","2024","761",21.2,"3.91",71.6,23,"7.2","28","87.1",5.7,35.6,49.1,50.9,22,63.5,40.9,"68.3","95.5","2182","-8.4","-16.7","16.6","24.2","85.6","2578","12.7","-35.2","13.6","7.5","86.1","1583","-14","-29.8","16.1"
"Flexen, Chris","623167","2024","707",17.4,"4.95",71.6,23.6,"7.4","13","88.7",8.1,37.4,55.1,44.9,22.7,58.7,70.1,"63.3","89.7","2250","2.2","-20.1","15.4","21","75.3","2584","8.8","-59.4","15.1","15.7","81.3","1319","-11.7","-31.4","15.4"
"Hader, Josh","623352","2024","278",37.8,"3.80",71.4,19.5,"7.3","12","89.7",10.2,38.8,50.6,49.4,40.4,64,34,"71.5","96.1","2264","7.1","-10.4","20.8","27.4","85.5","2444","-1.3","-35.4","3.9","1","89.3","1635","11.9","-27.9","14.4"
"Suárez, Ranger","624133","2024","626",23.2,"3.46",71.6,23.7,"7.4","12","86.9",5.1,34.3,52.8,47.2,21.7,64.5,41.9,"63.1","90.3","1966","8.5","-26.3","13.6","20.6","74.5","2174","-11.6","-59.6","15.5","16.3","80","1231","10.7","-41.2","11.2"
"López, Reynaldo","625643","2024","543",27.3,"1.99",71.1,19.7,"7.3","22","89.8",8.8,42.2,49.6,50.4,27.5,64.3,41.9,"55.2","95.5","2073","-7.4","-13.6","18.1","41","82.7","2377","5.9","-43.7","7.5","3.8","86.1","1556","-10.2","-25.9","15.4"
"Maeda, Kenta","628317","2024","485",19.8,"6.09",71.3,19.8,"7.5","14","88.4",8.2,36.1,54.3,45.7,23.8,60.2,38.5,"31.3","90.4","2295","-8.8","-19.6","17.1","37.5","81.2","2600","7.8","-39.2","9.6","31.2","83.9","1363","-10.2","-39.4","10.4"
"Iglesias, Raisel","628452","2024","259",26.3,"1.95",71.5,20.1,"7.4","8","86",4,30.9,51.7,48.3,31.5,64.8,33.5,"48.6","95.5","2305","-11.6","-16.8","18.4","20.7","84.2","2644","10.8","-35","11.7","30.7","89.5","2044","-16.7","-29.6","17.5"
"Finnegan, Kyle","640448","2024","271",22.1,"3.68",71.7,22.3,"7.1","4","91.3",7,48.1,42.7,57.3,23.1,65.8,50.4,"67.6","97.2","2085","-10.3","-13.1","18.9","5.6","85.4","2006","3.4","-36.2","4.9","26.8","88.5","1005","-8.3","-29.7","10.4"
"Manaea, Sean","640455","2024","738",24.9,"3.47",71.1,19.3,"7.1","23","88.6",7.5,37.8,48.9,51.1,26.1,59.8,22.4,"63.2","91.9","2027","13.5","-22.5","17.4","25.1","79.5","2140","-10.7","-41.1","12","11.8","85.3","1504","14.4","-33.8","15.3"
"Puk, A.J.","640462","2024","294",29.9,"3.15",71,20.3,"7.3","14","86.2",4,33.5,46.5,53.5,31.8,66.1,28.5,"58","95.3","2238","12.3","-17.6","18.3","38","83.8","2277","-8.2","-38.4","8.9","4","86.5","1412","12.1","-31.9","13.8"
"López, Pablo","641154","2024","772",25.6,"4.08",71.5,20.7,"7.3","28","87.9",8.2,37.5,50,50,27,67.5,38.3,"48.1","94.9","2189","-6.9","-16.8","15.8","31.8","83.8","2514","10.8","-42.6","13","20.1","88.5","2108","-16.8","-28.3","18.2"
"Alexander, Tyler","641302","2024","455",19.8,"5.10",72,25.2,"7.2","5","88.4",9.8,37.2,47.1,52.9,20.1,67.5,35.9,"67.2","87.5","2302","4.4","-24","14.8","19.1","77.8","2447","-15.7","-42","16.6","13.7","81.3","1582","14.6","-35.7","15.9"
"Cortes Jr., Nestor","641482","2024","710",22.8,"3.77",71.9,26.4,"7.3","18","89.7",7.9,43.6,49.4,50.6,24.2,58.9,47.1,"73.6","90.3","2347","1.4","-18.6","16.1","16.7","78.2","2568","-14.3","-43.3","15","9.7","83.6","1409","13.7","-34.9","14.6"
"Dunning, Dane","641540","2024","421",21.6,"5.31",72.1,28,"7.4","6","90.4",10.9,45.8,50,50,23.7,53.1,38.3,"59.3","89.2","2118","-9.8","-25.8","14.8","28.1","79.8","2272","4.1","-46.8","6.3","12.6","85","1902","-17.5","-32.6","18.5"
"Hudson, Dakota","641712","2024","404",12.1,"6.17",72.2,26.4,"7.5","5","89.9",6.3,42,51.4,48.6,18.1,60.6,35.7,"48.4","90.2","2079","-10.6","-27.5","12.8","41.6","82.5","2563","5.4","-41.7","7.5","9.9","83.5","1782","-12.5","-36.2","13"
"Jiménez, Joe","641729","2024","277",29.6,"2.62",71.5,23.1,"7.5","14","87.8",4.8,32.7,47.8,52.2,32.9,65.2,31.4,"46.2","94.5","2398","-9","-13.5","19.5","49.6","84.6","2186","5.8","-35.4","7.1","4.2","89","2201","-16.3","-27.4","17.8"
"Kinley, Tyler","641755","2024","285",25.3,"6.19",71.3,19.8,"7.8","16","87.5",9,33.1,53.3,46.7,33.1,57.4,45,"33.8","95.8","2365","-4.7","-14.6","15.7","62.7","89.5","2615","0","-28.5","6","3.5","87.2","1856","-10.5","-25.2","15.1"
"Littell, Zack","641793","2024","656",21.5,"3.63",72,25.5,"7.4","19","89.3",9.6,39.2,47.4,52.6,23.1,66.3,41.5,"36.9","92.1","2026","-10.2","-16.9","19.1","39.9","85.7","2253","4","-31.6","8.7","23.2","83","862","-8.7","-38.6","9.6"
"Ober, Bailey","641927","2024","709",26.9,"3.98",71.6,23.2,"7.5","22","87.5",8.3,34.3,50.2,49.8,29,67.4,35,"57.6","89.9","2224","-4","-20.6","14.9","13","79.9","2026","12","-45.9","12.9","29.4","83.4","2038","-17","-33.7","18.1"
"Yarbrough, Ryan","642232","2024","398",16.3,"3.19",70.9,18.7,"7.3","6","86",6.2,29.4,48.7,51.3,20.9,62.8,13.5,"57","85.8","1875","13.4","-30.2","16.1","27.5","71.3","2178","-15","-48.5","16.7","15.5","77.4","1870","16","-43.5","16.2"
"Peralta, Freddy","642547","2024","725",27.6,"3.68",71.2,21,"7.3","24","87.6",8.7,36.9,55.4,44.6,31,61.4,36.9,"53.9","94.3","2436","-6.8","-14.2","18.1","28.6","80.6","2310","6.8","-41.7","8.4","17.5","87.7","1731","-15.5","-31.3","16.2"
"Santana, Dennis","642701","2024","287",24,"3.89",70.7,16.2,"7.5","7","86.3",4.7,32.6,49.8,50.2,28.2,64.1,32.3,"58.8","93.9","2519","-8.6","-18.5","16.7","32.8","87.1","2553","2.8","-33.6","4.3","8.4","88.5","2082","-16.2","-26.9","18.3"
"Jax, Griffin","643377","2024","276",34.4,"2.03",70.9,15.6,"7.3","22","88.2",8,38.7,49.9,50.1,37.8,71.3,45.8,"39.7","97","2478","-8.1","-14.2","17.6","43.6","88.5","3065","11.8","-38.3","13.6","16.7","92.3","1884","-13.9","-29.8","14.3"
"Leiter Jr., Mark","643410","2024","256",33.6,"4.50",72.1,27.5,"7.7","10","88.8",8.3,40,57.8,42.2,38.1,62.7,50.3,"37.6","90.9","2005","-10.4","-22","16.2","26.1","75.7","2314","10.3","-60.5","17.3","36.3","84.2","774","-6.4","-34.4","8.3"
"Rogers, Tyler","643511","2024","290",17.6,"2.82",70.1,14.9,"6.9","4","85.2",4.4,31.1,40.5,59.5,18.5,70.5,-64.1,"64.5","82.4","1948","-1","-51.5","10.9","35.5","73.6","2369","8.9","-35.8","18",,,,,,
"Soroka, Michael","647336","2024","347",24.2,"4.74",71,19.7,"7.3","8","87.6",9.7,35.2,52.6,47.4,24.7,55.2,37.5,"53.7","93","2434","-11.6","-18.4","18.6","36.5","81.9","2823","5.4","-44.8","7.1","9.8","82.1","2211","-17.8","-32.6","19.7"
"Abreu, Bryan","650556","2024","325",31.7,"3.10",71.2,16.9,"7.4","16","90.4",8.7,38,49.9,50.1,34,56,45.2,"46.4","96.7","2356","-6","-12.7","17.9","53.1","86.2","2914","8.1","-43","10.4","0.5","90","1675","-13.5","-28.1","14.8"
"King, Michael","650633","2024","726",27.7,"2.95",71.5,22.7,"7.5","25","85.7",6.2,30.3,51,49,29.2,66.1,29.2,"52","93.3","2274","-11.5","-21.6","16.9","23.4","82.9","2634","12.3","-37.1","13","24.6","86.7","2045","-17.6","-31.4","18.4"
"Civale, Aaron","650644","2024","689",21.6,"4.36",71.6,22.7,"7.4","13","89.4",7.3,39.4,52.2,47.8,21.9,63.7,45.8,"66.1","90.3","2441","-4","-22.5","14.1","31.9","78.8","3050","14.7","-54.1","19.1","2","85.6","1973","-16.1","-28.9","18.3"
"Cabrera, Génesis","650893","2024","271",18.5,"3.59",71.4,19.2,"7.5","5","89.8",7.4,41.1,52.6,47.4,26.1,55.4,45,"80.3","92.6","2171","6.7","-22.3","12.8","12","78.9","2184","-7.2","-48.1","8.8","7.7","88.2","1736","13.4","-23.3","18.3"
"Sánchez, Cristopher","650911","2024","754",20.3,"3.32",72,25.7,"7.5","10","87.4",5.4,34.5,50.3,49.7,24.2,65.8,32.2,"47.4","94.5","2111","17.7","-23.2","19.4","16.9","84.4","2020","-1","-41.6","3.8","35.7","85.1","2018","17.9","-37.2","18"
"Beeks, Jalen","656222","2024","312",17.6,"4.50",71.2,20,"7.2","10","87.2",4.8,33,53,47,23.2,56.5,49.5,"73.4","92.2","2183","3.2","-19.8","13.4","1","74.8","2540","-8.2","-61.4","15.2","25.5","88.9","2028","15","-26","17.4"
"Canning, Griffin","656288","2024","739",17.6,"5.19",72.2,26.8,"7.4","26","90.5",8.6,41.9,53.3,46.7,24.4,58.2,45.2,"38.6","93.4","2113","-8.3","-15.3","18.2","34.8","85.5","2582","3.7","-40.3","6.5","26.7","88.6","1770","-16.4","-30.6","17.2"
"Cease, Dylan","656302","2024","762",29.4,"3.47",71.4,23.1,"7.4","35","89",8.5,38.6,53.5,46.5,32.3,59.8,53.4,"44.1","96.8","2558","-2.4","-11","18.5","55","86.5","2780","3","-38.2","6.4","0.9","69.7","1554","-4.3","-39.3","18.5"
"Flaherty, Jack","656427","2024","649",29.9,"3.17",71.5,23.6,"7.5","26","88.4",7.7,35.9,54.2,45.8,32.1,61.2,28.4,"46.4","93.2","2249","-4.5","-16.4","16","50.8","81.6","2456","9.5","-43.9","11","2.7","85.7","1610","-12.1","-32.1","13.4"
"Ginkel, Kevin","656464","2024","291",26.5,"3.21",70.6,18.1,"7.1","16","89.8",5.6,40.8,52.1,47.9,27.9,63.9,40.3,"61.6","95.8","2400","-10.8","-15.5","18.2","38.4","87.4","2485","4","-36.1","4.8",,,,,,
"Hoffman, Jeff","656546","2024","265",33.6,"2.17",71.2,18.6,"7.4","19","88.3",7.6,42,50,50,35.1,66.4,39.6,"47.3","96.7","2589","-13","-12.9","21.3","40.8","86.8","2830","5.5","-38.8","6.8","12","90.5","1719","-15.6","-29.2","16.5"
"Holmes, Grant","656550","2024","282",24.8,"3.56",71.7,22.9,"7.5","17","88.7",6.7,38.5,50.4,49.6,32.2,64.9,40,"45.5","94.2","2333","-5.5","-16.7","15.3","53.3","85.5","2778","2.4","-41","5.3","1.2","91.3","1892","-9","-21.8","15"
"Houck, Tanner","656557","2024","743",20.7,"3.12",71.6,22.5,"7.4","17","89.4",5.7,41.8,50.3,49.7,22.5,64.9,22.2,"33.8","93.3","2197","-15.3","-31.1","15.6","41.4","83.2","2534","16.7","-41.7","17","24.8","88.4","1835","-13.5","-38","14"
"Keller, Mitch","656605","2024","773",21.5,"4.25",71.1,18.5,"7.1","23","88.8",7.2,39.3,47.1,52.9,21.4,61.4,34.7,"64.6","93.3","2433","-8.8","-20.3","15.6","34.6","82.9","2669","12.8","-43.5","14.6","0.7","89.8","2082","-16","-30.4","16.6"
"Kopech, Michael","656629","2024","279",31.5,"3.46",71.4,22,"7","9","89",10.5,40.8,49.2,50.8,32.8,63.4,44.7,"89","97.8","2606","-8.1","-12.4","19","11","87.1","2499","5.6","-37.2","6.6",,,,,,
"Megill, Tylor","656731","2024","337",27,"4.04",71.2,21.4,"7.2","17","88.9",10,42.6,51.4,48.6,28.6,58.2,36.7,"70.8","94.4","2193","-6","-17.6","15.8","20.1","82.3","2335","6.6","-47.1","10.2","9","85.1","848","-5.6","-39.6","9"
"Montgomery, Jordan","656756","2024","532",15.6,"6.23",72.1,25.5,"7.6","19","88.6",6,41,55.9,44.1,26.7,62.8,45.6,"48.2","91.9","2191","11.4","-20.4","17.4","32.5","79.5","2315","-4.2","-49.9","8.5","19.3","83.1","1606","10.2","-27.8","15.8"
"Peterson, David","656849","2024","510",19.8,"2.90",71.6,23.6,"7.2","17","89.3",7.3,42.7,51.5,48.5,25.5,63.5,40.9,"57.5","92.5","2147","11","-22.2","15.8","26.1","83.3","2346","-3.6","-42.5","5.9","16.4","84.7","1637","14.6","-34.6","15.3"
"Scott, Tanner","656945","2024","294",28.6,"1.75",72,25.3,"7.2","11","84.3",4.7,27.5,47.6,52.4,32.7,68.7,35.3,"59.2","97","2566","5","-12.4","17.6","40.7","88.5","2675","-7","-35.9","7.4","0.1","92",,"12.7","-28.4","13.3"
"Steele, Justin","657006","2024","555",24.3,"3.07",71.8,24.4,"7.2","19","86.9",4.2,33.2,42.7,57.3,23.6,68.1,45.8,"64.9","91.6","2417","1.2","-19.5","13.6","31.9","83","2719","-12.2","-39.5","12.7","3.3","86.2","1636","12.3","-28.9","14.8"
"Thompson, Ryan","657044","2024","272",19.1,"3.26",72.3,28.5,"7.2","8","90",7.4,44.6,48.5,51.5,23,66.5,-5.8,"74.3","91.2","2049","-13.8","-37.2","15.3","25.7","79","2158","13.1","-35.6","15.8",,,,,,
"Webb, Logan","657277","2024","841",20.5,"3.47",71.9,26.1,"7.3","19","89.8",7,46.2,52.6,47.4,20.7,69.6,22.1,"47.8","92.5","1969","-13.6","-29.6","14.7","21.3","83.8","2605","16.4","-39.9","16.6","30.9","87.4","1460","-9.9","-40.4","11.3"
"Schmidt, Clarke","657376","2024","353",26.3,"2.85",71.6,25.5,"7.2","6","89.1",5.9,38,52.7,47.3,29.4,62.3,35.1,"56","93.1","2647","-2.6","-23.4","10.8","43.4","84.6","3048","14","-40.2","15.9","0.6","87.1","2529","-3.8","-35.3","4.7"
"Baumann, Mike","657508","2024","264",22,"5.55",71.6,23.7,"7.2","12","91.1",9.2,43.7,49.6,50.4,24.5,57.6,48.8,"40.8","96.5","2284","-8.2","-11.5","19.9","57.3","89.6","2354","1.7","-34.9","8.3","1.9","89.1","2127","-16.2","-23.1","20.1"
"Hill, Tim","657612","2024","290",10.7,"3.36",70.7,15.2,"6.9","4","88",1.7,40.8,43,57,12.8,70.1,-19.7,"94.8","89.2","2112","16.1","-37.4","17.1","5.2","82.2","2060","1.3","-35.5","5.8",,,,,,
"Koenig, Jared","657649","2024","265",23.8,"2.47",71.8,24.9,"7.2","4","87.5",8,35.6,44,56,22.4,66,31.3,"83","93.6","2355","10","-20.3","16.2","13.1","81.1","2520","-12.9","-50.4","15.5","3.9","85.5","1640","14.6","-33.9","15.1"
"Ryan, Joe","657746","2024","538",27.3,"3.60",71.2,21.4,"7.2","17","88.3",8.5,36.6,45,55,26.6,70.4,25.7,"54.5","93.9","2239","-12.2","-18","18.2","23.3","83.1","2633","11.2","-36.9","12.5","22.2","88.5","2007","-14.3","-34.7","14.5"
"Avila, Pedro","658648","2024","353",23.2,"3.81",71.8,22.8,"7.4","6","89.6",5.2,41.6,53.3,46.7,25,60.5,45.1,"51.4","93.3","2261","-5.1","-18.9","14.2","26.6","79","2725","9.7","-55.5","15.7","22","83.4","1728","-1.7","-35.9","4.6"
"De Los Santos, Enyel","660853","2024","278",23.7,"5.20",71.4,17.1,"7.4","6","89.3",12.6,42.3,45.3,54.7,29.3,66.8,24.8,"49.4","95.5","2203","-11.6","-17.1","17.6","42.9","86.4","2219","1.7","-30.7","6.5","7.6","87.6","1909","-16.3","-26.8","18.7"
"Clase, Emmanuel","661403","2024","270",24.4,"0.61",71.1,19.8,"7","14","86.5",3.6,29.7,45.4,54.6,27.1,66.2,53.2,"79.5","99.5","2582","3.1","-15.9","12.3","20.5","91","2571","7.1","-30.6","8.3",,,,,,
"Gil, Luis","661563","2024","637",26.8,"3.50",72.1,26,"7.3","26","89.3",9.5,37.4,52.8,47.2,29,54.8,35.8,"48.8","96.6","2438","-5.6","-12.2","18.3","25.9","87.5","2506","5.7","-29","9.9","25.3","91.6","1722","-15.1","-27.5","16.3"
"Suarez, Robert","663158","2024","258",22.9,"2.77",70.8,16.8,"7","4","89",7.7,40.4,47,53,24.3,63.6,45.8,"87.4","99","2413","-8.3","-10.5","19.7",,,,,,,"12.6","91.1","1751","-16.5","-25.7","18.2"
"Waldron, Matt","663362","2024","625",21.3,"4.91",71.5,22.7,"7.3","15","88.1",7,35,49.1,50.9,20.7,62.9,28.6,"42","89.7","2058","-9.3","-22.9","15.8","58","78.2","941","0.9","-46","11.5",,,,,,
"Feltner, Ryan","663372","2024","692",19.9,"4.49",71.5,21.6,"7.3","18","88.1",6.5,36.8,46.9,53.1,23.8,62.6,42,"49.7","94.5","2329","-7.3","-18.4","14.8","35.6","85.1","2517","6.7","-37","9.3","14.7","85.2","1590","-5.5","-32.3","7.7"
"Thornton, Trent","663423","2024","294",26.2,"3.61",71,16.2,"7.3","19","87.9",7.8,37.3,49.3,50.7,27.1,68.3,35,"33.6","94.8","2491","-5.3","-17.7","15","63.9","84.6","2930","10.4","-38.1","13","2.5","87.9","2095","-12","-31.8","12.7"
"McKenzie, Triston","663474","2024","340",21.8,"5.11",71.8,24,"7.5","8","90.7",13,41.9,51.8,48.2,23.1,52.9,53.9,"52.4","91.1","2229","-1.6","-13.2","19.9","47.6","81.1","2192","6.7","-42.2","10.9",,,,,,
"Sands, Cole","663485","2024","292",29.1,"3.28",71.1,17.9,"7.2","10","89",6.3,37,49,51,26.6,65.1,25.9,"68.7","93.4","2357","-6.8","-21","14","14.1","82.4","2785","13.5","-45.7","14.6","17.2","87.8","1426","-12.8","-35.9","13"
"Hjelle, Sean","663546","2024","337",22.3,"3.90",70.6,18.2,"7.2","13","88.7",5.3,37.4,48.8,51.2,21.2,68.7,28.1,"65.6","94.3","2228","-13.5","-25.9","15","34.4","85.8","1968","3.4","-39.5","4.8",,,,,,
"Mize, Casey","663554","2024","452",17.3,"4.49",71.4,21.4,"7.2","9","90.6",7.9,44.6,49.1,50.9,21.9,67.9,43.3,"46.7","95.5","2242","-9","-14.4","18.3","35.2","84.4","2208","4.6","-40.9","6.7","18.1","86.2","1257","-13.4","-33","14.2"
"Falter, Bailey","663559","2024","589",16.5,"4.43",71.9,25.8,"7.2","15","90.1",9,41.3,45.8,54.2,19.6,58.7,56,"62.7","91.9","2008","3.9","-14.8","18.2","36.8","82.6","1941","-3.5","-38","6.7","0.6","86.9","1530","7.3","-21.2","16.8"
"Lambert, Peter","663567","2024","280",17.9,"5.72",71.8,23.8,"7.4","8","88.1",6.1,36.9,50,50,22,63.8,53.7,"41.8","94.4","2236","-6.9","-15","17.3","33.2","84.1","2461","7.7","-42.3","10.1","25","87","1462","-11.8","-29.6","13.6"
"Irvin, Jake","663623","2024","769",20.3,"4.41",71.8,24.5,"7.2","16","88.8",9.2,39.1,46.3,53.7,22.3,61.5,28.6,"64.9","93.3","2370","-11.2","-20.1","16.8","31.6","81.1","2534","12","-44.3","12.7","3.5","88.4","2225","-16","-30.4","16.8"
"Harris, Hogan","663687","2024","305",20,"2.86",71,18,"7.2","8","88.9",7.2,39.4,45.9,54.1,20.9,63.3,49.4,"56.3","92.9","2256","10","-15.1","19.8","27.2","75.1","2501","-10.9","-62.1","17.6","16.5","81.1","2065","17.4","-32.3","20"
"Sandoval, Patrick","663776","2024","353",22.9,"5.08",71.8,23,"7.5","15","87.9",5.1,36.3,49.8,50.2,26.2,55.5,52.9,"33.4","93.7","1996","10","-16.4","18.3","38.3","84.3","2622","-9.5","-39.7","12.1","28.3","82.9","1699","14.2","-30","17.5"
"Hicks, Jordan","663855","2024","481",20,"4.10",71.5,20.4,"7.5","8","89.6",9.4,42.2,52.3,47.7,24.3,60.7,29.4,"56.9","94.6","1946","-15.4","-24.4","17","24.1","81.1","2240","12.2","-39","12.8","19.1","84.3","925","-5.1","-39.7","6.1"
"Pearson, Nate","663878","2024","285",26,"4.48",70.6,14.8,"7.3","15","90.9",10.2,45.5,48,52,27.8,64.9,40.3,"47.7","97.7","2249","-7.6","-12.5","18.2","52.2","86.4","2554","7.6","-39","9","0.1","88.3","617","-4.5","-25.7","10.2"
"Singer, Brady","663903","2024","762",22.3,"3.71",71.7,25.2,"7.4","28","88.9",8,41.7,52.1,47.9,25.1,58.5,27.8,"52.6","92.1","2295","-12.5","-21.8","16.8","45.5","82.9","2409","5.2","-40.2","5.9","1.9","88.1","2077","-14.7","-29.5","15.9"
"Holton, Tyler","663947","2024","354",21.8,"2.19",71.9,26.9,"7.4","14","86.6",5.5,32.8,51,49,24.3,63.7,43,"64.2","90","2300","4.6","-23.2","14","17","80.4","2651","-13.2","-44","14.3","18.9","83.6","1663","14.6","-34.1","15.7"
"Paddack, Chris","663978","2024","384",20.6,"4.99",71.4,23.6,"7.3","15","90.4",9.9,43.1,49.4,50.6,24,63.5,45.9,"42.9","93.3","2214","-10.6","-14.6","20.1","31.2","82.6","2076","4","-43.2","9.8","25.9","82.9","1895","-15.2","-35.5","16.1"
"Cleavinger, Garrett","664076","2024","266",26.7,"3.75",71.5,23.1,"7.3","12","86.9",9.6,33.8,51.5,48.5,30.3,58.6,35,"60.6","93.8","2429","4.3","-19.8","14.1","39.4","84.5","2711","-11.4","-40.1","11.8",,,,,,
"Maton III, Phil","664208","2024","265",22.6,"3.66",70.9,18.4,"7.2","4","86.5",7,33.1,53.4,46.6,26.5,56.1,30.9,"44.8","88.5","2479","0.1","-23.8","13","55.2","78","2943","17","-50","19.5",,,,,,
"Valdez, Framber","664285","2024","703",24,"2.91",72.2,27.5,"7.4","21","90.2",5.3,45,50.1,49.9,27.2,61.9,42.7,"46.9","94.1","2153","16.4","-24.8","17.8","35.6","80.3","2863","-10.1","-56","16.9","17.5","89.9","1677","14.8","-33.2","15.1"
"Helsley, Ryan","664854","2024","266",29.7,"2.04",70.7,17.8,"7.5","10","89.4",3.7,35.4,46.2,53.8,36.1,66.2,59.6,"45.4","99.6","2551","-3.4","-10.1","18","54.6","88.3","2413","4.1","-35.6","5.7",,,,,,
"Lawrence, Justin","664875","2024","279",16.1,"6.49",70.5,20.5,"7.3","11","90",7.7,42.3,51.9,48.1,22.6,53.8,-2.2,"58.9","94.6","2350","-14.5","-30.8","14.7","41.1","83","2945","14.2","-36","15",,,,,,
"Kremer, Dean","665152","2024","553",22.2,"4.10",71.5,23.3,"7.4","13","87.4",9.8,35.4,50,50,23.2,62.6,41,"70.1","91","2280","-4.9","-20.4","15.8","11.4","77","2780","8.6","-60.7","16.8","18.5","84.1","1017","-8.9","-30.9","12.4"
"Cabrera, Edward","665795","2024","417",25.7,"4.95",72.4,26.9,"7.4","20","89.7",8.6,45.7,53.6,46.4,28,60.9,42,"36.6","96.4","2226","-10.9","-15.3","18.4","30.2","86","2467","6.4","-40.1","8.6","33.2","93","1648","-16","-24.8","17.7"
"Assad, Javier","665871","2024","638",19.4,"3.73",72,27.3,"7.2","16","89.1",8.8,39.8,51,49,17.9,58.8,54.8,"73.1","90.4","1970","-6.8","-21.9","15.2","22.3","78.4","2415","12.4","-49.9","14.6","4.6","83.7","1434","-12.7","-30.8","15.3"
"Ragans, Cole","666142","2024","762",29.3,"3.14",71.7,23.7,"7.4","17","88.3",6.2,35.4,52,48,31.8,58.7,45.1,"53.1","94.4","2542","10.1","-15.1","19.1","23.2","83.6","2510","-5.1","-44.6","9","23.7","84.8","2161","16","-25.9","20.3"
"Lodolo, Nick","666157","2024","493",24.7,"4.76",71.8,25.6,"7.4","17","89.2",8.2,38,50,50,27.8,66.5,18.5,"56.3","94.1","2340","17.6","-22.3","19.9","27.3","81.7","2629","-11.4","-41.2","11.6","16.4","88.1","2005","17.8","-34.2","18"
"Luzardo, Jesús","666200","2024","274",21.2,"5.00",72,25.1,"7.7","6","90.4",9.9,41.1,52,48,29.4,62.4,39.3,"47.7","95.1","2194","13.8","-15.9","20.3","29.4","83.5","2329","0","-37.7","2.4","22.9","86.3","1927","15.9","-28.2","18.2"
"Wentz, Joey","666214","2024","304",24,"4.68",71.1,22.8,"7.4","12","88.1",7.2,36.1,54.4,45.6,29.6,59.7,49.7,"67.9","90.1","2338","2.9","-22.6","12.8","13","79.3","2603","-5.3","-52.1","10.3","19.1","85.7","2042","14","-26.7","17.7"
"Doval, Camilo","666808","2024","271",28.8,"4.88",71.2,22.1,"7.6","11","89.5",8.6,42.8,54.2,45.8,34.3,58.3,19.3,"48.9","98.7","2402","-7.1","-18.9","12.3","51.1","88.8","2486","4.9","-35.2","5.6",,,,,,
"Soriano, José","667755","2024","468",20.7,"3.42",71.6,22.1,"7.4","21","89.9",6.6,44.3,52.9,47.1,23.4,56.2,36,"61.1","98","1958","-14.3","-22.3","16.2","30.9","87.3","2424","9.4","-42.1","12.4","8.1","92.8","1445","-12.2","-32.4","12.5"
"Erceg, Lucas","668674","2024","253",28.5,"3.36",71.6,23.8,"7.3","11","85.9",6.3,33.3,52,48,31,60.2,42.5,"52.3","98.6","2065","-12.4","-15.2","18.5","27.9","85.7","2060","-0.1","-40.4","4","19.9","91","2012","-17.9","-26.4","19.2"
"Gallen, Zac","668678","2024","621",25.1,"3.65",71.8,25,"7.5","23","90",7.4,41,57.5,42.5,26,58.8,41.2,"49.5","93.5","2298","-4.2","-14.9","17.3","36.5","82.4","2427","4.9","-48.2","11","14","86.6","1533","-11.8","-31.4","13.2"
"Greene, Hunter","668881","2024","611",27.7,"2.75",71.5,20.4,"7.3","24","87.3",5.2,32.5,50.6,49.4,29.7,62.2,32,"55.2","97.6","2379","-8.9","-12.2","18.9","36.4","86.5","2378","6.4","-32.8","8.1","8.3","87","1202","-9.1","-31.7","10.7"
"Williams, Gavin","668909","2024","332",23.8,"4.86",71.1,19.4,"7.1","10","90.8",6.9,44,49.7,50.3,24.8,62.7,35.4,"63.5","95.7","2314","-8.9","-16.3","16.8","31.1","82.8","2359","7.6","-47.6","14.1","5.4","89.2","2043","-15.3","-25.9","17.7"
"Ashcraft, Graham","668933","2024","350",16.3,"5.24",71.5,21.5,"7.1","17","90.6",7.7,42.7,50,50,21.9,56,49,"65.1","95.4","2398","-1.4","-20.1","10.9","31.9","88.4","2831","9.3","-33.6","9.7","3","90.5","1913","-12.3","-29","13.3"
"Myers, Tobias","668964","2024","569",22.3,"3.00",71.9,23.3,"7.3","15","89.7",7.7,38.5,49,51,21.1,67.1,60.6,"63.5","91.6","2220","-2","-15.9","17.5","25.1","84.2","2145","3.8","-36.9","6.1","11.4","81.1","1856","-11.7","-29.1","17.2"
"Gore, MacKenzie","669022","2024","731",24.8,"3.90",71.7,22.6,"7.2","23","88",6.8,38.1,49.6,50.4,28.6,58.1,47.2,"55.3","96","2309","5.9","-12.1","18.7","35.4","86.3","2238","-1","-39","9.6","9.3","85.9","2018","12.4","-27.7","15.7"
"Wilson, Bryse","669060","2024","442",18.6,"4.04",71.9,24.6,"7.3","8","89.7",9.2,44.3,46.4,53.6,20.7,66.1,45.8,"81.9","91.3","2086","-5.4","-22.8","13.6","13.9","80.4","2418","15.1","-46","15.8","4.2","88","1711","-13.9","-26.9","16.4"
"Miller, Erik","669062","2024","284",30.6,"3.88",70.6,17.2,"7.3","11","89.5",7,41.1,53.7,46.3,30.4,53.5,37,"49.7","96.9","2272","8.5","-13.1","18.3","16.4","83.3","2643","-11.2","-42","11.9","33.9","85.5","1782","15.8","-35.3","16.1"
"Estrada, Jeremiah","669093","2024","252",37.3,"2.95",71.1,21.5,"7.2","6","89.2",5.2,37.3,47.6,52.4,36,67.7,64.1,"56.5","97.2","2224","-1.5","-9.6","19.7","23.6","89.8","2279","5","-28.4","7.8","19.8","83.6","1374","-11.8","-29.7","15.6"
"Nelson, Ryne","669194","2024","630",20,"4.24",71.1,20.4,"7","18","90.1",7.5,41.6,46,54,18.2,67.3,47.6,"74.1","94.2","2212","-4","-15","16.8","16","81.7","2465","7.5","-44.9","9.2","9.9","83","1960","-15.2","-29.8","18.4"
"Burnes, Corbin","669203","2024","784",23.1,"2.92",71.6,22.4,"7.5","52","87.5",6.7,31.6,53.4,46.6,28.6,63.9,43.7,"52.8","95.5","2704","0.3","-17.7","13.5","36.2","83.1","2919","9.8","-48.1","13.8","11.1","89.2","2037","-14.1","-27.5","15.9"
"Akin, Keegan","669211","2024","313",31,"3.32",70.8,16.7,"7.2","8","88.3",7.7,37.4,47,53,30,63.6,42.5,"56","93.9","2419","9.9","-12.9","20.9","33.2","85.5","2529","-3.8","-34.4","5.6","10.8","85.6","2039","15.6","-28.1","18.3"
"Gilbert, Logan","669302","2024","803",27.4,"3.23",71.8,24.8,"7.5","34","89.6",7.2,39.3,49.4,50.6,31.7,67.9,43.9,"42.8","95.5","2084","-4.9","-15.1","16.5","43.8","87","2008","4.4","-37.5","5.5","13.4","84.5","640","-5.9","-38","7.9"
"Baz, Shane","669358","2024","319",21.6,"3.06",72.1,25.3,"7.3","7","90.5",7.3,42,47,53,24.4,62.7,38.4,"47.9","95.6","2419","-10.2","-12.6","20.4","41.8","85.5","2466","4.8","-42.2","9.8","10.3","88.1","1787","-14.4","-26.6","17.1"
"Skubal, Tarik","669373","2024","753",30.3,"2.39",71.1,21,"7.2","21","87.4",6.7,34,44.6,55.4,31.9,68.7,48.2,"53.7","96.8","2184","9.6","-14.5","18.2","19.1","86.5","2155","-3","-33.7","7.5","27.2","86.3","1686","14.9","-30.8","16.3"
"Rogers, Trevor","669432","2024","562",17.3,"4.92",72.1,26.2,"7.4","12","90.7",8.4,44.4,52.3,47.7,20.9,58.7,22.7,"55.6","91.7","2403","14.4","-21","19.3","20.6","82.4","2248","-3.8","-35.1","6.8","23.8","85.6","1626","14.4","-37.2","14.6"
"Liberatore, Matthew","669461","2024","358",21.2,"4.40",71.5,23.1,"7.3","11","89.7",7.1,38.6,45.7,54.3,25,64.2,45.2,"61.5","94.3","2211","7.3","-16.7","16.6","34","85.7","2735","-4.8","-40.2","7.5","4.4","87.8","1667","12.3","-25","16.4"
"Pallante, Andre","669467","2024","509",18.5,"3.78",71.6,22.1,"7.1","17","87.4",3.3,38.1,50.1,49.9,19.8,60.1,58.8,"70.2","94.6","2211","-2.9","-19.6","12","29.8","84.1","2560","4.6","-46.4","10.2",,,,,,
"Weissert, Greg","669711","2024","263",22.1,"3.13",70.6,16.3,"7.2","3","88.9",5.9,40.5,47.3,52.7,20.1,56.2,15.7,"56.3","93.8","2171","-13.5","-23.7","16.8","34.9","80.8","2856","18","-39","18.6","8.8","84.6","1852","-17.9","-39.1","18"
"Wesneski, Hayden","669713","2024","283",23.7,"3.86",71.8,25.8,"7.4","18","87.6",9.3,36.8,51.4,48.6,25.5,67.5,49.7,"56.5","93.3","2165","-4.9","-21","13","40.6","82.4","2647","17.4","-42.6","17.8","3","87.2","1610","-12.3","-28.5","14.7"
"Blanco, Ronel","669854","2024","676",24.6,"2.80",71.8,26.2,"7.5","17","88.7",9.3,35.5,51.9,48.1,29,60.5,46.5,"38.3","93.4","2228","-7.3","-12.9","20","39.5","84.9","2131","3.9","-32.5","8.7","22.1","85.2","1485","-13.4","-32.5","14.8"
"Kirby, George","669923","2024","778",23,"3.53",71.1,19.2,"7.1","36","89",8.1,36.3,48,52,23.9,66.3,36.6,"57.9","96","2228","-11.9","-15.7","18.9","31.9","86.2","2388","7.9","-42.3","10.7","10.2","86","946","-9.6","-35.6","10.6"
"Francis, Bowden","670102","2024","408",22.5,"3.30",71.7,24,"7.2","12","89.1",8.7,36.2,45.7,54.3,21.2,61.3,40.2,"54.2","92.7","2349","-6.4","-14.4","19","27.3","76.2","2394","12.3","-54.1","14.5","18.4","83.8","1063","-8","-34.5","9.8"
"Winckowski, Josh","670174","2024","336",17.9,"4.14",71.3,21.3,"7","11","88.5",6.1,43.1,47.6,52.4,20.9,61.6,51,"73.9","92.9","2102","-5.6","-25","12.3","13.3","85.2","2362","8.2","-37.3","9.2","12.8","91.5","1698","-17","-28.5","17.7"
"Bednar, David","670280","2024","262",22.1,"5.77",71.8,24.5,"7.2","6","90.2",9.3,39.5,49.1,50.9,27.6,61.8,40.8,"55.5","97.2","2468","-7.6","-10.8","19.9","20.4","77.2","2433","9.1","-55.9","13.5","24","92.1","1681","-7.3","-27.3","9.2"
"Richards, Trevor","670950","2024","277",22.4,"4.55",70.3,15.7,"7.3","9","88.3",6.8,37.9,54.1,45.9,23.2,59.2,52.3,"46.4","92.3","2249","-7.2","-12.5","21.1",,,,,,,"53.6","79.2","2598","-12.5","-45.3","13"
"Morejon, Adrian","670970","2024","272",26.1,"2.83",71,18.9,"7.2","11","86.6",8.4,32.4,45.2,54.8,27.1,62.7,42.9,"59.4","97.2","2445","12","-16.3","18.4","33","85.7","2741","-7.4","-40.6","8.5","7.6","86.2","829","8.6","-38.3","9.3"
"Abbott, Andrew","671096","2024","586",19.5,"3.72",71.7,23.2,"7.3","4","88.2",9.3,33.5,49.6,50.4,22.5,61.6,45,"53.5","92.8","2254","8.9","-15.5","18.7","30.1","82.1","2752","-11.1","-39.3","12.4","16.3","84.8","2115","14.8","-25.6","19.5"
"Allen, Logan","671106","2024","432",18.3,"5.73",71.7,24.5,"7.3","14","91",11.4,46.4,52.8,47.2,21.1,63.4,44.6,"63","89.8","2137","5.4","-20.7","15.6","18.7","78.6","2246","-14.8","-43.8","15.1","18.3","81.7","876","1.7","-38.5","4.3"
"Foley, Jason","671345","2024","250",18.4,"3.15",71.7,23.8,"7.2","6","89.5",6.6,41.2,44.9,55.1,22.1,67.7,30.9,"62.9","97","2052","-15.9","-22","17.7","31.5","88.5","2215","2.1","-33.8","3.3","5.6","92.2","1780","-15.1","-29.1","15.5"
"Bradley, Taj","671737","2024","578",26.6,"4.11",71.6,22.1,"7.2","17","91.2",10.2,42.9,50.7,49.3,27.4,62.5,54.4,"64.2","94.4","2291","-2.1","-16.6","15.6","8.9","79.1","2524","6.9","-62","18.9","26.9","90.9","1485","-10.7","-27.6","12.4"
"Smith, Cade","671922","2024","289",35.6,"1.91",71.1,17.8,"7","12","90.4",8.4,42.8,43.8,56.2,30.2,63.3,37.4,"69.1","96","2280","-8.5","-13.7","18.3","10.2","82.1","2046","13.7","-38.7","14.1","20.7","88.4","863","-10.1","-34","11"
"Detmers, Reid","672282","2024","391",27.9,"6.70",71.6,22.1,"7.4","15","89.9",10.7,39.3,49.8,50.2,29.1,62.9,45.4,"46.8","93.8","2125","8.8","-13.5","19.9","39","82","2328","-4.7","-46.6","9.1","14.1","84.7","1522","11.4","-26.8","16.4"
"Montero, Keider","672456","2024","412",18.7,"4.76",71.7,23.6,"7.3","12","88.9",7.6,37.9,46.8,53.2,21.5,66.7,43,"49.3","94.6","2164","-7.3","-15.9","16.9","40","82.2","2800","11.2","-44.7","13","10.7","85.9","1762","-15","-30.5","16.5"
"Contreras, Roansy","672710","2024","298",18.8,"4.35",71.5,23.8,"7.3","4","89.8",9.7,43.5,48.7,51.3,20.9,59,48.6,"47.7","94.7","2312","-6.9","-13.8","18.6","41.8","83.1","2488","6.8","-41.3","9.1","10.5","89","1975","-15.6","-24.2","18.8"
"Matsui, Yuki","673513","2024","257",26.8,"3.73",71.8,22.9,"7.5","7","88.5",6.8,37.3,55.7,44.3,31.8,59.4,56.6,"41.1","92.2","2439","4.3","-12.6","20.4","34.4","84.7","2735","-6.1","-35.7","9","24.5","86.6","1452","5.9","-31.3","8.6"
"Bradford, Cody","674003","2024","308",22.7,"3.54",71.6,23.9,"7.2","5","88.8",8.9,34.8,49.1,50.9,23.6,69.2,56.6,"52.9","89.7","2099","5.9","-15.8","19.3","19.7","77.7","2044","-5.3","-48.9","8.1","27.3","80.9","1787","13.7","-30.4","18.1"
"Bido, Osvaldo","674370","2024","259",24.3,"3.41",72.1,27.6,"7.4","8","85.6",4.3,27,51.1,48.9,26.4,58.7,33.9,"63.6","93.1","2325","-9.2","-18.5","16.8","21.1","85.8","2175","5.7","-32.8","7.8","15.3","88.9","2099","-17.2","-25.3","19.8"
"Hancock, Emerson","676106","2024","266",14.7,"4.75",72.1,26.2,"7.3","5","88.5",9.9,46,48.9,51.1,21.9,63.9,27.4,"62.4","93.3","2357","-15.2","-20.1","19.4","16.5","84.1","2205","4.1","-35.9","6","21.1","86.5","1880","-17.3","-33.3","17.8"
"Buttó, José","676130","2024","294",26.9,"2.55",72.2,27.5,"7.5","13","88.7",7.6,37.8,63.1,36.9,32,53.4,33.2,"54.5","93.9","2307","-9.4","-18.1","17.2","23.4","84","2581","7.7","-40.6","8.4","22.1","87.1","1837","-8.9","-33.3","9.7"
"Walker, Ryan","676254","2024","308",32.1,"1.91",70.3,17,"7.3","12","86.4",6,30.2,46.6,53.4,28.6,63.8,17.1,"55.2","95.6","2279","-15","-26.6","15.6","44.8","83.9","2623","14.9","-36.4","15.4",,,,,,
"Miller, Bobby","676272","2024","258",20.2,"8.52",71.9,25.9,"7.4","10","91.5",11.5,47.7,52.9,47.1,23.5,54.3,47.4,"51.5","97.5","2285","-9.3","-13","18.6","28.6","82.8","2561","7.6","-47.8","12.4","19.9","86.4","2248","-17","-27.8","19.2"
"Garcia, Robert","676395","2024","251",29.9,"4.22",71.3,20.2,"7.3","5","87.7",3.1,30.2,46.9,53.1,29.4,70.1,24.5,"52.9","94.5","2226","10.6","-17.1","17.4","16","85.5","2324","-5","-35.6","5.8","31.2","87.7","1680","14.9","-33.5","15.2"
"Bibee, Tanner","676440","2024","710",26.3,"3.47",71.3,20.1,"7.2","23","88.4",7,36.9,47.2,52.8,26.8,65.8,51.1,"68.2","91.7","2497","0.2","-21.1","14.1","13.9","81.9","2679","14.4","-43.7","15.3","18","82.5","1992","-13.7","-28.6","18"
"Sears, JP","676664","2024","758",18.1,"4.38",72.6,29.7,"7.4","12","89.3",10.2,40.2,48.1,51.9,21.8,64.8,21.4,"46.9","91.5","2042","12.6","-20","18.6","33.9","78.9","2417","-11.4","-38.9","13.3","19.2","84","1675","16.6","-36.3","16.9"
"Vest, Will","676684","2024","289",21.8,"2.82",70.5,15.5,"6.9","5","88.4",2.9,38,47.4,52.6,24.3,61,46.3,"68.6","95.9","2135","-10.3","-15.6","18","21.6","86.9","2381","6.7","-38.9","8","9.8","89","1631","-15.4","-30.5","16.1"
"Crawford, Kutter","676710","2024","759",23.1,"4.36",72.3,29.9,"7.4","24","88.4",9.9,36.3,47.5,52.5,25.3,63.6,47.7,"65.8","90.1","2499","-1.4","-19.5","15.8","25.6","79.8","2251","11.4","-45.8","14.1","8.6","82.4","1102","-7.1","-31.7","12.4"
"Crochet, Garrett","676979","2024","595",35.1,"3.58",71.4,20.6,"7.2","20","88.3",9.2,38.8,46.6,53.4,33,64,37.6,"84.3","95.3","2535","4.3","-18.1","14.3","9.8","84.3","2455","-14.4","-39.2","14.7","5.9","91","2082","15.9","-24.1","18.4"
"Cecconi, Slade","677944","2024","338",18.9,"6.66",71.2,20.6,"7.2","4","89",10.3,36.4,44,56,19.6,68.8,37.3,"54.9","94.4","2356","-14","-16.1","20.4","32.9","82.4","2439","5.3","-43.6","7.5","12.2","81.8","1913","-15.1","-34.1","16.7"
"Weathers, Ryan","677960","2024","367",21.8,"3.63",71.7,27,"7.3","9","89.5",8.3,38.2,51.7,48.3,26.1,60.5,35.6,"51.8","95.6","2300","13.5","-16.3","19.7","22.2","82.9","2470","-11.7","-39.6","12.5","26","86.4","1817","13.2","-33","14.2"
"Bellozo, Valente","678368","2024","295",14.9,"3.67",72.4,30.5,"7.4","3","90",11,42.1,50,50,19.5,54.9,45.6,"62.7","86.6","2242","-0.4","-23.4","14.3","22.9","75.5","2693","12.6","-52.1","15","14.4","81.1","2020","-15.7","-35.5","17.1"
"Bello, Brayan","678394","2024","702",21.8,"4.49",71.9,23.5,"7.4","23","88.5",7.4,41.1,52.9,47.1,25.9,64.1,28.2,"45","95.7","2058","-16.4","-25.1","17.6","28","86.8","2364","7.8","-36.9","8.5","26.9","87.6","1805","-16.1","-32.5","16.6"
"Marsh, Alec","679525","2024","548",22.4,"4.53",71.5,22.4,"7.3","21","89.7",9.6,40.9,49.6,50.4,23.5,61.5,32.3,"50.8","94","2469","-11.6","-18.1","18","39.2","84.9","2485","6","-41","7.9","10","86.3","1748","-14.7","-33.2","15.5"
"Martinez, Justin","679885","2024","308",29.5,"2.48",70.7,17.4,"7.2","10","86.4",2.8,31.8,51.6,48.4,34.3,63,42,"56.6","100.3","2112","-14","-18.7","16.9","21.6","89.8","2361","2.5","-28.8","6.2","21.8","89.8","851","-8.3","-31.8","9.6"
"Rodriguez, Grayson","680570","2024","491",26.5,"3.86",71.4,21.9,"7.3","17","89.2",7.8,39.7,48.2,51.8,30,67.8,37.6,"47.7","96.1","2286","-12.7","-13.9","20.4","31.3","83.9","2597","6.8","-42.9","9.7","21","83.1","1740","-12.2","-37.7","12.6"
"Woods Richardson, Simeon","680573","2024","569",20.6,"4.17",71.5,21.3,"7.3","14","88.4",8.2,36.2,49.3,50.7,22.2,65.7,46.8,"40.3","93.1","2186","-5.8","-14.1","18.6","40.5","84","2368","6","-37","11.3","19.3","82.8","2270","-15.4","-30.2","18.4"
"Parker, Mitchell","680730","2024","646",20.6,"4.29",72.2,26.8,"7.4","18","89.6",8.1,38.9,48.3,51.7,22.3,64.9,52.1,"48.6","92.5","2191","5.2","-14.4","18.5","32.4","81.7","2275","-3.4","-45.3","8.2","19.1","85.6","1000","6.9","-29.1","12"
"Vodnik, Victor","680767","2024","320",20.3,"4.28",70.6,16.2,"7.1","8","91.3",7.8,49.3,51.7,48.3,21.5,56.6,42.6,"63.3","97.9","2279","-6.5","-14.3","15.6","20.1","84.6","2268","2.8","-41.4","5","16.6","90.1","1828","-13.1","-33.2","13.3"
"Schwellenbach, Spencer","680885","2024","500",25.4,"3.35",71.5,20.5,"7.4","17","87.6",4.9,39.8,46.6,53.4,27.4,67.2,33.2,"52.7","95","2264","-4.6","-18.8","13.4","34.4","84.5","2441","6","-43.2","8","12.8","84.5","1349","-9.2","-37.5","9.5"
"Vásquez, Randy","681190","2024","431",14.4,"4.87",72.1,24.5,"7.3","14","88.7",8.7,39.6,48.2,51.8,18.7,60.3,36.8,"57.9","93.3","2466","-7.1","-18.3","16.2","29.7","82.3","3113","12.9","-42.4","13.7","12.4","88.6","2193","-17.7","-28.3","19.1"
"Arrighetti, Spencer","681293","2024","632",27.1,"4.53",71.6,25.5,"7.4","21","88.9",7.7,39.8,49.1,50.9,27.7,61.9,24.6,"60.6","92.2","2368","-7","-19.4","16.2","30.8","79.3","2806","14.6","-48.9","16.4","8.6","85.5","1675","-15","-32.6","16.3"
"Fernandez, Ryan","681676","2024","285",24.9,"3.51",71.5,23.9,"7.5","14","89",7.2,33.9,55.6,44.4,31.5,58.9,52.7,"51.8","94.4","2200","-5","-15.7","16.4","48.2","87.3","2572","3.2","-33.7","4.5",,,,,,
"Olson, Reese","681857","2024","465",21.7,"3.53",71.7,22.5,"7.6","19","90.2",5.5,43.7,56.9,43.1,28.4,63.7,38.4,"43.9","94.2","2173","-12.8","-19.2","17.9","33.8","83.7","2728","6.4","-43.2","8.2","22.3","86.5","1978","-13.3","-36","13.7"
"Criswell, Cooper","681867","2024","424",17.2,"4.08",71.9,25,"7.3","12","89.3",7,37.4,52.3,47.7,17.2,64.9,12.4,"45.1","88.1","2089","-10.8","-32.1","13.8","28.8","77.1","2494","17.5","-41.5","18.3","26.1","84.4","1516","-13.6","-43.5","14.8"
"Vesia, Alex","681911","2024","263",33.1,"1.76",71.5,25.2,"7.2","12","87.5",12.1,35,51.9,48.1,31.3,60,61.4,"63.2","93.4","2399","6.2","-11.2","21.3","31.7","85","2412","-7","-33.5","8.5","5.1","85.5","1565","6.5","-23.5","15.8"
"Herrin, Tim","682120","2024","257",26.5,"1.92",70.9,15.4,"7.4","8","86.9",6.9,36.5,49.9,50.1,29.3,62.1,30.8,"37.1","95","2342","10.5","-21","15.3","62.9","84.2","2342","-6.1","-38.9","7.9",,,,,,
"Miller, Bryce","682243","2024","704",24.3,"2.94",71.9,24.6,"7.2","21","90.3",9.7,41.2,48.9,51.1,24.3,62.2,43.1,"61.7","94.9","2465","-8.8","-14.3","19.3","21.3","84.6","2384","7.5","-41.3","9.5","17.1","84.4","912","-9.9","-38.2","11.1"
"Muñoz, Roddery","682610","2024","379",18.5,"6.53",72.4,27.6,"7.5","11","90.8",13.7,45,52.1,47.9,23.6,58.8,37.8,"70.9","93.6","2278","-9.7","-21","15.4","19.8","85.7","2324","6.5","-39.9","7.9","9.3","89.3","1720","-12.3","-24.7","15.9"
"Ortiz, Luis","682847","2024","556",19.2,"3.32",71.7,23.7,"7.3","13","89",8.8,37.7,48.2,51.8,20.9,58.8,21.8,"72.2","94.2","2312","-9.6","-23.5","13.9","26.8","85.8","2440","6.6","-34.8","7.8","0.9","90.6","1764","-16","-28.8","16.8"
"Jones, Jared","683003","2024","504",26.2,"4.14",71.7,22.4,"7.3","19","89.6",9.8,44.5,47.6,52.4,30.2,62.5,44.6,"49.3","97.3","2536","-8.4","-11.8","19.2","44.1","87.2","2606","4.3","-36.2","6.7","6.6","89.9","1740","-11.8","-28","13.4"
"Estes, Joey","683155","2024","543",16.9,"5.01",72,27,"7.3","13","89.5",9.7,39.6,43.9,56.1,19.2,66.4,37.3,"55.7","92.2","2366","-9.8","-16.1","19.2","33.2","79.6","2554","11.5","-39.6","12.7","11.1","84.8","1661","-14.6","-29.3","17.2"
"Mears, Nick","683232","2024","256",29.3,"5.93",71,18.9,"7.2","13","88.1",7,33.1,46.4,53.6,28.5,66.3,60.8,"60.2","96.7","2318","-2.8","-11.1","18.4","39.8","84.3","2535","2.4","-45.3","8.2",,,,,,
"Molina, Anthony","683627","2024","264",15.5,"6.79",71.5,20.7,"7.3","3","90.4",8,45.7,49.2,50.8,18.8,63.9,50.7,"48.3","94.8","2114","-7.3","-15","17","29.3","87.3","2106","3.1","-30.4","7.5","22.4","85.3","1841","-13.3","-29.5","15.6"
"Gaddis, Hunter","683769","2024","278",23.7,"1.57",71.7,23.5,"7.4","7","88.5",5.7,36.6,46.3,53.7,24.9,68.2,34.2,"38.3","95.4","2327","-6.9","-13.7","18","44.8","89.1","2375","5.1","-30.1","7","16.8","80.3","2154","-18.4","-34.9","20.2"
"Imanaga, Shota","684007","2024","694",25.1,"2.91",71.9,23.4,"7.5","17","88.6",8.6,39.3,48.3,51.7,28.2,68,39.5,"54.6","91.5","2418","10.3","-14.9","20.8","11","78.9","2467","-9.6","-46.1","12.4","34.5","82.8","1181","10.5","-32.9","12.8"
"Rodriguez, Yariel","684320","2024","368",23.1,"4.47",71.8,24.7,"7.4","11","87.8",6.3,37.2,53.7,46.3,25.7,56,39.8,"51.7","93.8","2347","-4.8","-19.8","13.4","38.7","82.9","2731","10.5","-42","12.4","9.6","88.9","1539","-13.3","-29.5","14.7"
"Cronin, Declan","686539","2024","307",23.5,"4.35",71.3,22.9,"7.2","12","89.5",4.9,41.7,48.1,51.9,26.4,58.7,21.8,"47.8","93.4","2591","-12","-27.5","13.5","52.2","87","2763","5.6","-37.8","6.5",,,,,,
"Cannon, Jonathan","686563","2024","522",17.4,"4.49",71.7,23,"7.2","12","89",7.3,36.3,52.2,47.8,21.7,59.8,25.1,"59.5","92.5","2177","-9.7","-24.3","14","21.8","81.9","2594","12.5","-38.2","13.1","18.7","85.7","1710","-13.9","-36.7","14.3"
"Brown, Hunter","686613","2024","712",25.1,"3.49",71.3,21.8,"7","25","86.2",4.5,30.3,50.9,49.1,25.1,60.3,57.4,"69.9","95","2263","-5.3","-15.8","16.8","17.6","84.7","2387","4.4","-48.1","13.2","12.6","88.4","1465","-14","-26.2","16.7"
"Spiers, Carson","686730","2024","410",19.5,"5.46",72.1,27.2,"7.4","10","88.9",10.4,38.9,46.7,53.3,21.3,62.7,30.1,"63.4","91.1","2316","-6.8","-21.4","14.9","24.5","81.5","2730","15.2","-40.3","15.7","12.1","86.7","1658","-14.8","-30.9","15.9"
"Pepiot, Ryan","686752","2024","539",26.3,"3.60",71.7,24,"7.2","26","89.3",9.1,37.2,50.8,49.2,29.9,66,41.8,"56.6","94.6","2389","-7.6","-11.9","20.7","20","87.9","2535","7.7","-29.8","12","23.5","85.8","2477","-15.4","-35","15.8"
"Kochanowicz, Jack","686799","2024","266",9.4,"3.99",71.1,18.4,"7.1","3","90.3",6.3,44.4,43,57,15.2,61.3,28.2,"78.6","95.8","2054","-14.9","-26.2","15.8","18.4","85","2739","8.8","-38.8","9.3","3","88.3","2059","-11.2","-31.2","12.2"
"Jarvis, Bryce","686826","2024","258",14.7,"3.19",71.1,22.2,"7.2","3","90.5",7.1,40.1,48.8,51.2,21.8,59.1,35.9,"62","94.3","2177","-8.5","-19.9","14.9","24.4","86.3","2614","6.9","-37.8","7.4","13.6","85.1","1993","-17.4","-32.8","18.3"
"Kelly, Kevin","687330","2024","278",22.7,"2.67",71.4,19.5,"7.2","7","86.9",5,37,44.2,55.8,20.1,70.1,3,"72.2","90.5","2183","-15.4","-33.2","16.7","27.8","77.3","2575","19.6","-39.2","21.1",,,,,,
"Spence, Mitch","687765","2024","651",19.4,"4.58",72,25.5,"7.4","18","89.5",8.4,41.7,51.6,48.4,22.5,61.3,47.4,"54.2","91","2358","0.5","-27.4","8","44.7","83.2","2773","13.8","-43.9","15.8","1.1","88.4","1449","-8.9","-31.4","9.8"
"Herz, DJ","687792","2024","382",27.7,"4.16",71.7,25.2,"7.3","13","89.4",8.1,34.7,49.4,50.6,29.3,60.7,37.2,"54.2","93.5","2325","12.4","-15.4","20.2","21.2","85.4","2206","-0.2","-35.5","3.7","24.5","83.5","2272","15.5","-33.1","16.9"
"Knack, Landon","689017","2024","286",24.1,"3.65",71.8,25.7,"7.3","6","90.6",10.2,43.9,50.7,49.3,23.1,58.4,53.1,"46.3","93.5","2448","-7.6","-12.2","20.6","39.2","82.8","2749","5.6","-44.5","10.3","14.5","84.2","1722","-10","-24.8","17.1"
"Kerkering, Orion","689147","2024","257",28.8,"2.29",70.6,17.9,"7.3","9","87.3",5.1,33.5,47.8,52.2,27.6,60.3,31.1,"44.3","97.2","2308","-12.8","-15.8","19","55.7","86.2","2899","16.1","-37.7","16.4",,,,,,
"Brieske, Beau","689225","2024","282",24.5,"3.59",71.4,22.3,"7.4","8","89",5.5,35.9,52,48,23.9,59.6,49.1,"56.3","95.8","2499","-7.9","-12.8","19.2","17.3","86.1","2449","3.2","-36.2","3.9","26.5","88.4","2105","-14.9","-28.7","16.3"
"Harrison, Kyle","690986","2024","532",22.2,"4.56",71.4,22.6,"7.2","9","90.7",10.1,44.1,49,51,23.6,57.1,23.7,"57.7","92.5","2203","14.7","-21.3","18.3","22.6","80.7","1980","-8.5","-46.8","10.3","19.7","84.8","1946","16.4","-37.1","16.6"
"Woo, Bryan","693433","2024","472",21.4,"2.89",71.1,17.1,"7","12","88.8",4.8,35.2,41.7,58.3,23.5,73.1,26.9,"71.9","94.8","2258","-11.8","-17.9","18.1","18.6","84.2","2340","9","-36.4","10","9.4","89.6","1929","-17","-29.7","17.8"
"Pfaadt, Brandon","694297","2024","760",24.3,"4.71",72.1,26.1,"7.4","20","89.4",8.1,39.4,47.5,52.5,25.4,70.7,27.7,"55.6","93.8","2493","-9.4","-19.5","16.3","32.6","84.2","2799","11.6","-34.5","13.7","11.8","87.6","2052","-14.9","-31.7","15.8"
"Shuster, Jared","694363","2024","321",17.4,"4.30",71.2,19.6,"7.4","10","87.5",7.3,31.9,53.7,46.3,23.4,57.3,39.7,"42.2","92.5","2186","10.8","-17.7","18.1","28.4","86","2259","-1.9","-31.4","6.1","29.4","84.1","1665","12.8","-29.3","16.1"
"Stone, Gavin","694813","2024","580",20,"3.53",71.7,26.5,"7.4","13","88.2",6.4,36.2,50.8,49.2,24.6,62.1,47,"52.6","94.8","2189","-10.4","-16.3","18.2","20.7","87.6","2145","2.9","-36.3","4.7","26.6","87.5","1665","-13.8","-30.2","15.1"
"Skenes, Paul","694973","2024","514",33.1,"1.96",70.9,20,"7.3","19","87.8",5.2,36.3,49.6,50.4,28.7,61.9,23.3,"67.6","96.8","2041","-14.2","-22.8","16.5","27","84.4","2407","7.5","-36.4","9.9","5.4","87.3","2044","-17.5","-32.5","17.9"
"Povich, Cade","700249","2024","352",19.6,"5.20",71.4,19.2,"7.3","7","88.4",8.9,36.6,48.5,51.5,22.3,61.9,40.8,"56.6","91.7","2312","8.6","-17.7","18","32.5","78.8","2405","-10","-52.1","14.8","10.9","86.1","1718","14.7","-29.1","16.8"
"Festa, David","701581","2024","277",27.8,"4.90",71.9,24.2,"7.4","10","89.5",8.6,38.9,51.7,48.3,28.2,63.9,56.4,"40.2","94.7","2349","-1.5","-12.5","18.2","31.8","86.1","2564","2.7","-37.1","3.4","28","88.4","1839","-13.6","-25.4","16.7"
"Birdsong, Hayden","806185","2024","315",27.9,"4.75",71.1,21.9,"7.3","10","92",8.9,50,55.1,44.9,29.4,55.2,41.5,"44.6","95.8","2291","-9.5","-13.5","19.1","37","83.4","2675","3.6","-45.7","9","18.4","88.1","1249","-10.9","-37","11.3"
"Yamamoto, Yoshinobu","808967","2024","368",28.5,"3.00",71.5,24.9,"7.3","6","88.4",8.3,41.3,48.9,51.1,27,62.2,45.8,"49.4","95","2186","-6.5","-15.8","16.4","26.5","79.1","2703","11.2","-58.3","18.3","24.2","90.2","1326","-8.6","-30.9","9.6"